title,love,score,tags,play_times
鬼灭之刃 刀匠村篇,1564.6万追番,9.2,"[""漫画改"",""奇幻"",""热血"",""战斗""]",1900.0万
鬼灭之刃 游郭篇,1409.4万追番,9.7,"[""漫画改"",""热血"",""战斗"",""奇幻""]",2800.0万
鬼灭之刃 无限列车篇,1334.2万追番,9.8,"[""漫画改"",""热血"",""战斗"",""奇幻""]",2000.0万
鬼灭之刃,1270.8万追番,9.7,"[""漫画改"",""战斗"",""热血"",""声控""]",10000.0万
咒术回战 第二季,1253.2万追番,9.4,"[""漫画改"",""热血"",""战斗"",""奇幻""]",1800.0万
咒术回战,1246.8万追番,9.7,"[""漫画改"",""战斗"",""热血"",""奇幻""]",8700.0万
间谍过家家 第二季,1227.7万追番,9.6,"[""漫画改"",""日常"",""搞笑""]",6630.1万
间谍过家家,1223.7万追番,9.7,"[""漫画改"",""战斗"",""搞笑"",""日常""]",7600.0万
辉夜大小姐想让我告白 剧场版,981万追番,,"[""漫画改"",""搞笑"",""恋爱"",""校园""]",405.1万
间谍过家家 中配版,964.9万追番,8.9,"[""漫画改"",""战斗"",""搞笑"",""日常""]",3861.8万
辉夜大小姐想让我告白 -究极浪漫-,934.4万追番,9.5,"[""漫画改"",""搞笑"",""恋爱"",""校园""]",1200.0万
间谍过家家 粤配版,922万追番,9.6,"[""漫画改"",""战斗"",""搞笑"",""日常""]",2198.2万
关于我转生变成史莱姆这档事 第二季,910.2万追番,8.9,"[""架空"",""小说改"",""奇幻"",""战斗""]",4400.0万
工作细胞：细胞大作战,904.4万追剧,9.2,"[""喜剧"",""动画""]",1259.3万
国王排名,902.3万追番,7.0,"[""漫画改"",""冒险"",""励志"",""奇幻""]",5100.0万
紫罗兰永恒花园,881.6万追番,9.8,"[""治愈"",""励志"",""职场"",""催泪""]",2000.0万
国王排名 勇气的宝箱,874.8万追番,7.7,"[""漫画改"",""冒险"",""励志"",""奇幻""]",2514.7万
小林家的龙女仆 第二季,868.7万追番,9.6,"[""漫画改"",""搞笑"",""日常"",""萌系""]",1300.0万
Re：从零开始的异世界生活 第二季 后半,863.8万追番,9.9,"[""小说改"",""穿越"",""奇幻"",""冒险""]",1100.0万
工作细胞 第二季,837.1万追番,9.7,"[""漫画改"",""搞笑"",""战斗"",""日常""]",8045万
关于我转生变成史莱姆这档事 转生史莱姆日记,835.9万追番,9.7,"[""漫画改"",""日常"",""搞笑"",""穿越""]",1100.0万
小林家的龙女仆,829.4万追番,9.7,"[""萌系"",""搞笑"",""日常"",""漫画改""]",3500.0万
冰菓,828.7万追番,9.8,"[""恋爱"",""推理"",""校园"",""日常""]",1700.0万
工作细胞,827.3万追番,9.6,"[""声控"",""战斗"",""漫画改"",""搞笑""]",2500.0万
紫罗兰永恒花园 剧场版 ,821万追剧,9.9,"[""动画"",""奇幻"",""爱情"",""剧情""]",3087.1万
青春猪头少年不会梦到兔女郎学姐,820.1万追番,9.8,"[""小说改"",""恋爱"",""奇幻"",""校园""]",2400.0万
刀剑神域进击篇：无星之夜,819.7万追剧,9.6,"[""动画"",""冒险"",""奇幻""]",2239.8万
辉夜大小姐想让我告白～天才们的恋爱头脑战～,814.7万追番,9.8,"[""恋爱"",""智斗"",""校园"",""搞笑""]",2900.0万
堀与宫村,793.6万追番,9.8,"[""漫画改"",""校园"",""恋爱"",""少女""]",2800.0万
JOJO的奇妙冒险 石之海,793.3万追番,9.8,"[""漫画改"",""热血"",""战斗"",""奇幻""]",3000.0万
Re：从零开始的异世界生活 第二季 前半,788.3万追番,9.7,"[""小说改"",""穿越"",""奇幻"",""冒险""]",1400.0万
辉夜大小姐想让我告白？～天才们的恋爱头脑战～,786万追番,9.8,"[""恋爱"",""漫画改"",""搞笑"",""校园""]",2300.0万
关于我转生变成史莱姆这档事,768.6万追番,9.4,"[""小说改"",""奇幻"",""战斗"",""魔法""]",4700.0万
鬼灭之刃 游郭篇 中配版,763.5万追番,9.3,"[""漫画改"",""热血"",""战斗"",""奇幻""]",343万
鬼灭之刃 中配版,759.8万追番,9.1,"[""漫画改"",""热血"",""战斗"",""励志""]",1700.0万
埃罗芒阿老师,752.8万追番,9.3,"[""小说改"",""搞笑"",""恋爱""]",2400.0万
欢迎来到实力至上主义的教室,747.4万追番,8.8,"[""小说改"",""校园""]",2500.0万
因为太怕痛就全点防御力了 第二季,700.5万追番,9.3,"[""小说改"",""战斗"",""搞笑"",""奇幻""]",1200.0万
OVERLORD,671.9万追番,9.6,"[""奇幻"",""战斗"",""小说改"",""架空""]",4600.0万
因为太怕痛就全点防御力了,667.3万追番,9.0,"[""架空"",""小说改"",""穿越"",""奇幻""]",2800.0万
Re：从零开始的异世界生活 新编集版,662.1万追番,9.6,"[""架空"",""小说改"",""穿越"",""奇幻""]",9331.4万
某科学的超电磁炮T,655.7万追番,9.8,"[""漫画改"",""战斗"",""科幻"",""校园""]",2400.0万
名侦探柯南：万圣节的新娘,650.2万追剧,8.9,"[""动画"",""悬疑"",""动作""]",2417.3万
四月是你的谎言,632.3万追番,9.8,"[""漫画改"",""催泪"",""恋爱"",""少女""]",2000.0万
紫罗兰永恒花园外传：永远与自动手记人偶,621.9万追剧,9.9,"[""剧情"",""动画"",""小说改""]",4592.8万
转生成蜘蛛又怎样！,618.3万追番,7.9,"[""奇幻"",""穿越"",""冒险"",""励志""]",4000.0万
盾之勇者成名录 第三季,616.4万追番,8.1,"[""小说改"",""战斗"",""奇幻"",""穿越""]",1033.8万
刀剑神域 爱丽丝篇 异界战争 -终章-,612.3万追番,4.8,"[""小说改"",""穿越"",""架空"",""科幻""]",1100.0万
在下坂本，有何贵干？,608.9万追番,9.4,"[""搞笑"",""校园"",""日常""]",2300.0万
JOJO的奇妙冒险,607.4万追番,9.8,"[""漫画改"",""战斗"",""奇幻"",""冒险""]",2500.0万
某科学的超电磁炮,604.6万追番,9.7,"[""校园"",""战斗"",""奇幻"",""漫画改""]",2000.0万
徒然喜欢你,603.4万追番,9.7,"[""恋爱"",""校园"",""漫画改"",""搞笑""]",1700.0万
约会大作战 第四季,588.3万追番,9.8,"[""小说改"",""奇幻"",""战斗"",""萌系""]",7184.5万
盾之勇者成名录 第二季,587.4万追番,6.1,"[""架空"",""小说改"",""穿越"",""奇幻""]",8796.8万
中二病也要谈恋爱！,586.1万追番,9.8,"[""校园"",""恋爱"",""搞笑"",""小说改""]",1100.0万
我的青春恋爱物语果然有问题。完,582.2万追番,8.9,"[""校园"",""恋爱"",""小说改""]",1100.0万
Charlotte,582.2万追番,9.5,"[""日常"",""校园"",""奇幻"",""催泪""]",1900.0万
OVERLORD Ⅲ,574万追番,9.4,"[""架空"",""小说改"",""智斗"",""奇幻""]",4500.0万
夏目友人帐 唤石者与怪异的访客,568.2万追番,9.9,"[""漫画改"",""奇幻"",""治愈""]",1646.9万
总之就是非常可爱,562.9万追番,9.5,"[""日常"",""恋爱"",""漫画改""]",1900.0万
夏目友人帐 唤石者与怪异的访客（中配）,561.9万追番,,"[""漫画改"",""奇幻"",""治愈""]",70.6万
OVERLORD Ⅱ,560.9万追番,9.6,"[""小说改"",""奇幻"",""战斗"",""魔法""]",4200.0万
总之就是非常可爱 第二季,556.6万追番,9.5,"[""漫画改"",""搞笑"",""治愈"",""奇幻""]",3346.1万
命运-冠位指定 -神圣圆桌领域卡美洛- 前篇 漂泊的银之臂,555.1万追番,4.3,"[""游戏改"",""战斗"",""奇幻"",""热血""]",324.1万
命运-冠位指定 -神圣圆桌领域卡美洛- 后篇 圣骑士银之臂,550.1万追番,9.8,"[""游戏改"",""奇幻"",""战斗"",""热血""]",256.5万
虚构推理 第二季,546.1万追番,9.7,"[""漫画改"",""奇幻"",""恋爱"",""神魔""]",4401.9万
Angels of Death,540.4万追番,9.5,"[""恋爱"",""游戏改"",""冒险""]",1300.0万
虚构推理,538.7万追番,9.2,"[""漫画改"",""神魔"",""恋爱"",""奇幻""]",1200.0万
路人超能100 III(灵能百分百 第三季),536.6万追番,9.9,"[""漫画改"",""奇幻"",""热血"",""战斗""]",9881.5万
青春猪头少年不会梦到怀梦美少女,523.1万追番,9.8,"[""小说改"",""穿越"",""奇幻"",""校园""]",3078.7万
干物妹！小埋,522.3万追番,9.3,"[""萌系"",""日常""]",2000.0万
命运-冠位指定 冠位时间神殿所罗门,521.7万追番,8.6,"[""游戏改"",""战斗"",""奇幻""]",1603.2万
这个勇者明明超强却过分慎重,521.2万追番,9.7,"[""冒险"",""架空"",""小说改"",""穿越""]",1800.0万
JOJO的奇妙冒险 黄金之风,517.8万追番,9.8,"[""冒险"",""漫画改"",""战斗"",""智斗""]",5500.0万
刀剑神域 爱丽丝篇 异界战争,517万追番,9.1,"[""小说改"",""穿越"",""科幻"",""架空""]",1100.0万
盾之勇者成名录,515.9万追番,7.4,"[""小说改"",""奇幻"",""魔法"",""架空""]",3000.0万
"世界顶尖的暗杀者,转生为异世界贵族",513.5万追番,9.2,"[""小说改"",""穿越"",""战斗""]",1600.0万
岸边露伴 一动也不动,512.3万追番,9.8,"[""漫画改"",""奇幻"",""战斗""]",4388.8万
我的青春恋爱物语果然有问题。,508.6万追番,9.7,"[""恋爱"",""小说改"",""日常"",""校园""]",1300.0万
我们仍未知道那天所看见的花的名字。,505.9万追番,9.6,"[""催泪"",""原创"",""日常"",""治愈""]",8156.1万
碧蓝之海,504.8万追番,9.9,"[""社团"",""漫画改"",""搞笑"",""运动""]",1900.0万
命运-冠位指定 绝对魔兽战线 巴比伦尼亚,502.2万追番,9.5,"[""游戏改"",""穿越"",""奇幻"",""战斗""]",1800.0万
异度侵入 ID:INVADED,502.1万追番,9.8,"[""原创"",""科幻"",""推理""]",1300.0万
干物妹！小埋R,501.6万追番,9.5,"[""萌系"",""搞笑"",""日常"",""漫画改""]",1600.0万
致不灭的你,497.9万追番,9.5,"[""漫画改"",""冒险"",""催泪"",""奇幻""]",1500.0万
Re：从零开始的异世界生活 Memory Snow(雪之回忆),496.9万追番,9.7,"[""小说改"",""穿越"",""奇幻"",""日常""]",1621万
Fate/stay night [Unlimited Blade Works] 第一季,496.2万追番,9.5,"[""奇幻"",""热血""]",2100.0万
NO GAME NO LIFE 游戏人生,495万追番,9.8,"[""奇幻"",""智斗"",""架空"",""穿越""]",1000.0万
Re：从零开始的异世界生活 冰结之绊,494.9万追番,9.5,"[""小说改"",""奇幻"",""战斗"",""冒险""]",1564.3万
五等分的新娘∬,490.6万追番,9.7,"[""漫画改"",""校园"",""恋爱""]",8849.1万
致不灭的你 第二季,480.3万追番,9.4,"[""漫画改"",""奇幻"",""战斗"",""冒险""]",2647万
命运-冠位嘉年华,479.6万追番,9.8,"[""原创"",""日常"",""搞笑"",""奇幻""]",1309.8万
JOJO的奇妙冒险 星尘远征军,478.8万追番,9.8,"[""漫画改"",""奇幻"",""战斗"",""冒险""]",2200.0万
命运-冠位指定 -月光／失落之室-,478.5万追番,9.5,"[""游戏改"",""奇幻""]",732.8万
名侦探柯南,475.6万追番,9.8,"[""漫画改"",""推理"",""智斗"",""悬疑""]",10300.0万
路人女主的养成方法,474.2万追番,9.4,"[""恋爱"",""小说改""]",1600.0万
五等分的新娘,467.4万追番,8.9,"[""恋爱"",""校园"",""日常"",""漫画改""]",1400.0万
多罗罗,466.9万追番,9.4,"[""热血"",""战斗"",""冒险"",""奇幻""]",1900.0万
刀剑神域 Alicization,466.2万追番,8.3,"[""战斗"",""架空"",""小说改"",""冒险""]",2000.0万
Fate/Zero 第一季,460.6万追番,9.6,"[""时泪"",""奇幻"",""战斗"",""热血""]",1600.0万
夏日重现,458.9万追番,9.8,"[""漫画改"",""奇幻"",""战斗"",""推理""]",2300.0万
命运之夜——天之杯Ⅲ：春之歌,454.8万追番,9.8,"[""游戏改"",""战斗"",""奇幻"",""热血""]",786.7万
约战狂三外传,452.8万追番,9.6,"[""小说改"",""战斗"",""校园""]",2566万
JOJO的奇妙冒险 星尘远征军 埃及篇,450.6万追番,9.8,"[""漫画改"",""战斗"",""奇幻"",""冒险""]",1900.0万
名侦探柯南：犯人犯泽先生,448.1万追番,9.7,"[""漫画改"",""日常"",""治愈"",""搞笑""]",1527.5万
Ｄｒ．ＳＴＯＮＥ 石纪元 (第三季),445.4万追番,9.8,"[""漫画改"",""科幻"",""冒险"",""励志""]",6494.3万
境界的彼方,442.8万追番,9.5,"[""恋爱"",""奇幻"",""战斗""]",5955.9万
Fate/Apocrypha,432万追番,6.0,"[""热血"",""战斗"",""奇幻""]",1600.0万
命运之夜——天之杯II ：迷失之蝶,431.5万追剧,9.7,"[""剧情"",""奇幻"",""动画""]",2716.8万
月刊少女野崎君,429.7万追番,9.8,"[""漫画改"",""搞笑"",""校园"",""恋爱""]",6787.5万
路人女主的养成方法 Fine,424万追番,9.8,"[""小说改"",""恋爱"",""社团""]",1740.3万
魔女之旅,420.3万追番,9.7,"[""小说改"",""魔法"",""奇幻"",""架空""]",1100.0万
名侦探柯南：零的日常,418.8万追番,9.6,"[""治愈"",""日常""]",905.8万
CLANNAD,417.5万追番,9.9,"[""时泪"",""校园"",""治愈"",""催泪""]",7015.7万
可塑性记忆,415.4万追番,9.7,"[""科幻"",""日常"",""催泪""]",9418.1万
樱花庄的宠物女孩,413.5万追番,9.7,"[""励志"",""小说改"",""恋爱"",""催泪""]",7164.7万
Ｄｒ．ＳＴＯＮＥ 石纪元 特别篇：龙水,413.4万追番,9.8,"[""漫画改"",""热血"",""科幻"",""战斗""]",686.8万
天使降临到我身边,411.3万追番,9.8,"[""日常"",""治愈"",""漫画改"",""萌系""]",9143.8万
刀剑神域,409.9万追番,9.7,"[""小说改"",""热血"",""穿越"",""奇幻""]",2200.0万
日常,406.9万追番,9.9,"[""萌系"",""搞笑"",""日常"",""漫画改""]",8793.9万
月色真美,402.8万追番,9.8,"[""校园"",""恋爱"",""治愈"",""原创""]",8178.7万
路人超能100(灵能百分百),402.8万追番,9.8,"[""热血"",""奇幻"",""战斗"",""科幻""]",1400.0万
龙王的工作！,400.9万追番,9.1,"[""小说改"",""职场""]",1200.0万
终结的炽天使,400.1万追番,8.6,"[""奇幻"",""战斗""]",1600.0万
文豪野犬 第五季,395.1万追番,8.2,"[""漫画改"",""奇幻"",""战斗""]",1798.9万
龙与虎,394.6万追番,9.7,"[""少女"",""校园"",""治愈"",""催泪""]",9877.1万
罪恶王冠,394.1万追番,9.1,"[""战斗"",""奇幻"",""热血"",""架空""]",8726.6万
地缚少年花子君,391.9万追番,9.4,"[""漫画改"",""奇幻"",""搞笑"",""校园""]",7867.5万
卫宫家今天的饭,388.5万追番,9.8,"[""日常"",""美食""]",9847.6万
转生成为了只有乙女游戏破灭Flag的邪恶大小姐 第二季,387.6万追番,9.6,"[""小说改"",""穿越"",""搞笑"",""恋爱""]",7483.6万
文豪野犬 第四季,387.1万追番,9.8,"[""漫画改"",""战斗"",""奇幻"",""热血""]",3603.7万
Re：创造主,386.6万追番,8.9,"[""奇幻"",""科幻"",""穿越"",""原创""]",1100.0万
入间同学入魔了 第三季,386.1万追番,9.5,"[""漫画改"",""搞笑"",""奇幻"",""校园""]",3357.2万
路人女主的养成方法 ♭,385.8万追番,9.7,"[""小说改"",""恋爱"",""校园"",""社团""]",3939.6万
笨女孩,384.5万追番,9.3,"[""搞笑"",""校园"",""漫画改""]",1400.0万
野良神,381.4万追番,9.5,"[""奇幻"",""战斗"",""漫画改"",""神魔""]",7583.3万
天气之子,381万追剧,9.6,"[""爱情"",""奇幻"",""动画""]",6424.2万
齐木楠雄的灾难 始动篇,378.7万追番,9.8,"[""漫画改"",""奇幻"",""日常"",""搞笑""]",3817.2万
Ｄｒ．ＳＴＯＮＥ 石纪元  (第二季),377.5万追番,9.7,"[""漫画改"",""热血"",""科幻"",""冒险""]",7811.7万
EVA 新世纪福音战士,377.1万追番,9.7,"[""科幻"",""机战"",""战斗""]",1800.0万
平凡职业造就世界最强,375.7万追番,6.1,"[""小说改"",""奇幻"",""战斗"",""冒险""]",1600.0万
我的青春恋爱物语果然有问题。续,373.2万追番,9.8,"[""恋爱"",""小说改"",""日常"",""校园""]",1700.0万
魔法禁书目录 第一季,371.4万追番,9.1,"[""校园"",""科幻"",""热血"",""战斗""]",1100.0万
秒速五厘米,370.8万追番,9.6,"[""催泪"",""日常""]",4151.5万
动物狂想曲 / BEASTARS 第二季,369.7万追番,9.1,"[""漫画改"",""校园"",""恋爱"",""架空""]",4898.5万
约定的梦幻岛,367.3万追番,9.8,"[""漫画改"",""热血"",""冒险"",""励志""]",8461.1万
转生成为了只有乙女游戏破灭Flag的邪恶大小姐,364.5万追番,9.6,"[""小说改"",""穿越"",""搞笑"",""恋爱""]",1200.0万
新世纪福音战士新剧场版：终,362.3万追剧,,"[""剧情"",""科幻"",""动画""]",1062.5万
夏目友人帐,361.1万追番,9.8,"[""奇幻"",""日常"",""治愈"",""催泪""]",6319.9万
宝石之国,360.1万追番,9.7,"[""架空"",""漫画改"",""战斗"",""励志""]",8236.8万
动物狂想曲 / BEASTARS,359.7万追番,9.7,"[""漫画改"",""奇幻"",""恋爱"",""校园""]",9158.8万
珈百璃的堕落,359.4万追番,9.6,"[""日常"",""漫画改"",""神魔""]",1000.0万
擅长捉弄的高木同学 剧场版,357.2万追番,9.9,"[""漫画改"",""搞笑"",""治愈"",""恋爱""]",431.8万
Ｄｒ．ＳＴＯＮＥ 石纪元,355.2万追番,9.7,"[""漫画改"",""科幻"",""励志"",""冒险""]",1700.0万
银魂,354.9万追番,9.9,"[""漫画改"",""热血"",""搞笑"",""战斗""]",4400.0万
阿宅的恋爱真难,352万追番,9.6,"[""搞笑"",""恋爱"",""日常"",""漫画改""]",8197万
测不准的阿波连同学,349.9万追番,9.7,"[""漫画改"",""校园"",""恋爱"",""搞笑""]",8597.4万
玉子市场,347.2万追番,9.8,"[""萌系"",""少女"",""治愈"",""日常""]",6228.5万
入间同学入魔了 第二季,345万追番,9.7,"[""漫画改"",""奇幻"",""搞笑"",""校园""]",1100.0万
擅长捉弄的高木同学 第三季,344.2万追番,9.9,"[""漫画改"",""校园"",""恋爱""]",6205.6万
食戟之灵 餐之皿,344.1万追番,9.4,"[""美食"",""校园"",""搞笑"",""漫画改""]",2973.7万
犬夜叉剧场版 穿越时空的思念,343.8万追番,9.8,"[""冒险"",""战斗"",""热血"",""搞笑""]",274.5万
宿命回响：命运节拍,342.3万追番,7.4,"[""音乐"",""原创"",""战斗"",""冒险""]",6371.9万
女高中生的虚度日常,340.4万追番,9.8,"[""搞笑"",""校园"",""漫画改"",""日常""]",7900.1万
男子高中生的日常,339.9万追番,9.8,"[""搞笑"",""校园"",""日常"",""漫画改""]",7888.6万
齐木楠雄的灾难,339.3万追番,9.7,"[""校园"",""搞笑"",""日常"",""漫画改""]",1900.0万
异世界迷宫黑心企业,338.1万追番,9.7,"[""漫画改"",""穿越"",""奇幻"",""搞笑""]",9252.2万
文豪野犬 第三季,336.8万追番,9.8,"[""漫画改"",""战斗"",""奇幻""]",8785万
JOJO的奇妙冒险 不灭钻石,336.6万追番,9.8,"[""热血"",""奇幻"",""漫画改"",""战斗""]",2900.0万
理科生坠入情网，故尝试证明。,336.4万追番,9.7,"[""漫画改"",""日常"",""搞笑"",""校园""]",6372.1万
孤独摇滚！,335.4万追番,9.9,"[""漫画改"",""音乐"",""日常""]",1300.0万
约定的梦幻岛 第二季,334.3万追番,2.8,"[""漫画改"",""热血"",""冒险"",""励志""]",4600.6万
理科生坠入情网，故尝试证明。 第二季,332.8万追番,6.5,"[""漫画改"",""搞笑"",""校园"",""恋爱""]",2586.2万
猫和老鼠 旧版,332万追番,9.9,"[""搞笑"",""日常"",""少儿""]",4300.0万
银魂 最终篇,331.5万追番,9.8,"[""漫画改"",""搞笑"",""战斗"",""热血""]",377.8万
言叶之庭,326.6万追番,9.7,"[""日常"",""少女"",""治愈""]",3858.4万
Fate/stay night [Unlimited Blade Works] 第二季,325.8万追番,9.5,"[""奇幻"",""热血""]",1800.0万
路人超能100 第一次灵能咨询所员工旅游～舒缓心灵的疗愈之旅~（OVA2）,325.1万追番,9.8,"[""战斗"",""漫画改"",""热血"",""奇幻""]",812.8万
公主连结Re:Dive,322.6万追番,9.5,"[""奇幻"",""战斗"",""魔法"",""冒险""]",9713.7万
路人超能100 II(灵能百分百 第二季),321.7万追番,9.9,"[""战斗"",""漫画改"",""热血"",""奇幻""]",1400.0万
魔法禁书目录 第三季,321.6万追番,8.0,"[""小说改"",""热血"",""战斗"",""校园""]",1200.0万
公主连结 与你重逢 第二季,321.4万追番,5.9,"[""游戏改"",""搞笑"",""冒险"",""萌系""]",3354.9万
甘城光辉游乐园,320.9万追番,9.7,"[""日常"",""奇幻"",""励志"",""职场""]",5848.2万
中二病也要谈恋爱！恋,320.5万追番,9.7,"[""搞笑"",""恋爱""]",6263.3万
Fate/EXTRA Last Encore,320.1万追番,8.8,"[""奇幻"",""战斗"",""游戏改""]",5766万
全员恶玉,316.8万追番,6.2,"[""原创"",""战斗"",""架空"",""科幻""]",1100.0万
轻音少女 第一季,316.6万追番,9.9,"[""音乐"",""漫画改"",""日常"",""校园""]",7124.9万
元气少女缘结神◎,316.5万追番,9.7,"[""奇幻"",""少女"",""神魔""]",6189.6万
黑色四叶草,314.6万追番,9.5,"[""架空"",""漫画改"",""热血"",""战斗""]",4000.0万
约会大作战,312.6万追番,9.3,"[""战斗""]",6086.5万
魔卡少女樱 CLEAR CARD篇,311.3万追番,9.8,"[""少女"",""魔法"",""漫画改""]",8339.6万
工作细胞BLACK,310.2万追番,9.8,"[""漫画改"",""战斗"",""声控""]",8213.4万
在魔王城说晚安,308.9万追番,9.7,"[""漫画改"",""奇幻"",""治愈"",""搞笑""]",8195.5万
会长是女仆大人！,306.9万追番,9.8,"[""日常"",""少女"",""校园"",""恋爱""]",1100.0万
我被逐出队伍后过上慢生活,305.8万追番,8.0,"[""小说改"",""日常"",""恋爱"",""奇幻""]",9895.2万
超能力女儿,305.5万追番,9.6,"[""搞笑"",""日常"",""漫画改"",""奇幻""]",9987.8万
我被逐出队伍后过上慢生活 第二季,305.2万追番,,"[""小说改"",""恋爱"",""战斗"",""日常""]",7.6万
关于前辈很烦人的事,304万追番,9.8,"[""漫画改"",""恋爱"",""职场"",""搞笑""]",7882.2万
打了300年的史莱姆，不知不觉就练到了满级,302.2万追番,9.5,"[""小说改"",""穿越"",""奇幻""]",9836万
极主夫道,302.2万追番,9.7,"[""漫画改"",""搞笑"",""日常""]",6184.4万
某科学的一方通行,301万追番,6.7,"[""漫画改"",""科幻"",""战斗"",""魔法""]",7968万
擅长捉弄的高木同学 第二季,300.2万追番,9.9,"[""漫画改"",""恋爱"",""校园"",""搞笑""]",7720.3万
瓦尼塔斯的手记,299.1万追番,9.7,"[""漫画改"",""奇幻"",""战斗""]",6560.9万
入间同学入魔了,298万追番,9.5,"[""漫画改"",""校园"",""搞笑"",""奇幻""]",1500.0万
光之诅咒者,297.8万追番,8.8,"[""漫画改"",""热血"",""战斗"",""奇幻""]",170万
文豪野犬 汪！,296.3万追番,9.8,"[""漫画改"",""日常"",""搞笑""]",3774.9万
打工吧！魔王大人 第二季,296万追番,7.5,"[""小说改"",""神魔"",""职场"",""架空""]",3495.8万
某科学的超电磁炮S,295.2万追番,9.7,"[""校园"",""战斗"",""奇幻"",""科幻""]",1200.0万
月光下的异世界之旅,291.4万追番,9.1,"[""小说改"",""奇幻"",""穿越""]",8416.3万
魔法少女小圆,290.2万追番,9.8,"[""奇幻"",""魔法"",""穿越"",""原创""]",7845.5万
打工吧！魔王大人,289.3万追番,9.6,"[""架空"",""小说改"",""穿越"",""日常""]",1200.0万
Angel Beats!,288.3万追番,9.8,"[""奇幻"",""校园"",""战斗"",""催泪""]",3368.9万
我女友与青梅竹马的惨烈修罗场,287万追番,8.9,"[""校园"",""恋爱""]",6587.4万
犬夜叉,286.7万追番,9.8,"[""漫画改"",""热血"",""穿越"",""奇幻""]",4000.0万
炎炎消防队,286.1万追番,9.2,"[""漫画改"",""战斗"",""热血"",""奇幻""]",1100.0万
喜欢本大爷的竟然就你一个？,285.9万追番,9.1,"[""小说改"",""校园"",""恋爱""]",9018.4万
如果能写小说就好了,284.5万追番,9.3,"[""小说改"",""恋爱""]",6229.7万
声之形,282.8万追剧,9.6,"[""动画"",""爱情"",""剧情"",""漫画改""]",4248.3万
猫和老鼠喜剧秀,280.6万追番,9.1,"[""少儿"",""搞笑""]",520.8万
玉子爱情故事,280万追番,9.9,"[""校园"",""少女"",""恋爱""]",2854.5万
线上游戏的队友不可能是女生？,279.6万追番,9.0,"[""奇幻"",""校园""]",8236.5万
炎炎消防队 贰之章,279.6万追番,9.1,"[""漫画改"",""热血"",""战斗"",""声控""]",8121万
星掠者,278.8万追番,5.4,"[""架空"",""漫画改"",""奇幻"",""战斗""]",1600.0万
野良神 ARAGOTO,277.3万追番,9.4,"[""奇幻"",""战斗"",""漫画改"",""神魔""]",1300.0万
漆黑的子弹,276.9万追番,9.2,"[""奇幻"",""战斗""]",5035.4万
ReLIFE,275.7万追番,9.9,"[""校园"",""恋爱"",""搞笑"",""治愈""]",4751.2万
夏目友人帐 第五季,274.8万追番,9.8,"[""治愈"",""催泪"",""神魔"",""漫画改""]",6138.4万
幻界战线,274.6万追番,9.6,"[""科幻"",""热血"",""战斗""]",7516.5万
奇蛋物语 / WONDER EGG PRIORITY,273.3万追番,9.7,"[""原创"",""奇幻""]",5180.9万
半妖的夜叉姬 第二季,273.2万追番,5.6,"[""原创"",""奇幻"",""战斗""]",1608.8万
这个美术社大有问题！,272.2万追番,9.8,"[""校园"",""日常""]",6432.9万
小木乃伊到我家,270.6万追番,9.6,"[""漫画改"",""萌系"",""搞笑"",""日常""]",6634.6万
贤者之孙,270.5万追番,6.8,"[""穿越"",""架空"",""奇幻"",""小说改""]",9456.9万
终结的炽天使 名古屋决战篇,268万追番,8.8,"[""奇幻"",""校园"",""战斗""]",1300.0万
赛马娘 第三季,266.8万追番,6.7,"[""原创"",""运动"",""热血"",""偶像""]",598.9万
强风吹拂,266.6万追番,9.9,"[""运动"",""励志"",""小说改"",""热血""]",8758.9万
Fate/Zero 第二季,266.5万追番,9.7,"[""时泪"",""奇幻"",""战斗"",""热血""]",1500.0万
宇崎学妹想要玩！,265.3万追番,9.4,"[""漫画改"",""搞笑"",""校园""]",9212.3万
食戟之灵,264万追番,9.5,"[""美食"",""热血""]",1900.0万
Fate/Grand Order ‐First Order‐,263.8万追番,8.3,"[""战斗"",""游戏改""]",3730.6万
侦探已死,262.7万追番,7.1,"[""小说改"",""冒险"",""奇幻"",""战斗""]",5600.3万
在地下城寻求邂逅是否搞错了什么 第三季,262.3万追番,9.2,"[""冒险"",""架空"",""奇幻"",""小说改""]",3522万
精灵幻想记,260.4万追番,7.3,"[""小说改"",""奇幻"",""穿越""]",8593.1万
好比是最终迷宫前的少年到新手村生活一般的故事,260.2万追番,7.8,"[""小说改"",""搞笑"",""冒险""]",8124.5万
落第骑士英雄谭,260.2万追番,9.5,"[""校园"",""战斗"",""架空"",""冒险""]",1100.0万
约会大作战 第三季,259.8万追番,7.9,"[""小说改"",""萌系"",""奇幻"",""战斗""]",6883.5万
齐木楠雄的灾难 第二季,259.8万追番,9.8,"[""搞笑"",""校园"",""漫画改"",""奇幻""]",1600.0万
我们的重制人生,258.1万追番,9.6,"[""小说改"",""校园"",""日常"",""社团""]",6675.7万
怪物事变,257.6万追番,9.6,"[""漫画改"",""奇幻"",""神魔""]",5481.7万
愤怒的审判,257.4万追番,6.2,"[""漫画改"",""热血"",""战斗"",""奇幻""]",4230.8万
少女终末旅行,257.2万追番,9.8,"[""奇幻"",""漫画改"",""冒险"",""架空""]",4096.6万
我，不是说了能力要平均值么！,256.5万追番,8.2,"[""搞笑"",""架空"",""小说改"",""穿越""]",8436.8万
K,256.1万追番,9.5,"[""奇幻"",""战斗"",""声控""]",3716.1万
属性咖啡厅,254.5万追番,9.6,"[""少女"",""萌系"",""漫画改"",""日常""]",5653万
请问您今天要来点兔子吗？BLOOM,253.7万追番,9.9,"[""漫画改"",""日常"",""萌系"",""治愈""]",1826万
天才王子的赤字国家振兴术,252.2万追番,9.5,"[""小说改"",""架空"",""奇幻""]",7146.3万
赛马娘 巅峰之路,251.7万追番,9.8,"[""游戏改"",""运动"",""热血""]",379.6万
君主·埃尔梅罗二世事件簿 魔眼收集列车 Grace note,251.4万追番,9.7,"[""小说改"",""奇幻"",""魔法"",""冒险""]",5833.8万
死神少爷与黑女仆,251万追番,9.7,"[""少女"",""漫画改"",""日常"",""恋爱""]",4968万
装甲重拳/MEGALOBOX 第二季,250.9万追番,9.9,"[""原创"",""热血"",""科幻"",""运动""]",3829.8万
百变小樱,250万追番,9.9,"[""少女"",""魔法"",""冒险""]",1600.0万
此花亭奇谭,248.8万追番,9.8,"[""萌系"",""漫画改"",""日常"",""治愈""]",3975.2万
伪恋,246.9万追番,9.2,"[""漫画改"",""搞笑"",""日常"",""校园""]",4607.4万
骑士&魔法,245.9万追番,8.8,"[""小说改"",""机战"",""奇幻"",""魔法""]",9949.3万
我的妹妹不可能那么可爱 第一季,245.8万追番,9.2,"[""小说改"",""日常"",""萌系"",""校园""]",4931.9万
猫和老鼠（1975）,242.6万追番,9.7,"[""搞笑"",""少儿""]",1066.9万
你与我最后的战场，亦或是世界起始的圣战,242.6万追番,8.0,"[""冒险"",""战斗"",""奇幻"",""恋爱""]",6571.2万
男子游泳部：最后一击！前篇,242.4万追剧,9.3,"[""剧情"",""动画""]",195.3万
男子游泳部：最后一击！后篇,242万追剧,,"[""剧情"",""动画""]",139.7万
CAROLE & TUESDAY,241.4万追番,9.7,"[""原创"",""科幻"",""音乐"",""励志""]",6989.3万
魔法纪录 魔法少女小圆外传 第二季,239.2万追番,7.4,"[""游戏改"",""奇幻"",""战斗"",""魔法""]",1419.2万
弹丸论破,237.8万追番,9.3,"[""推理"",""校园""]",8643.6万
邻座的怪同学,236万追番,9.6,"[""搞笑"",""少女"",""校园""]",6636.2万
地狱少女,235.9万追番,9.7,"[""原创"",""神魔""]",2583.9万
重来吧，魔王大人！,234.7万追番,8.3,"[""小说改"",""奇幻"",""魔法"",""穿越""]",6943.4万
装甲重拳/MEGALOBOX,232.7万追番,9.8,"[""科幻"",""运动"",""热血"",""原创""]",6635.3万
夏目友人帐 第六季,232.7万追番,9.8,"[""日常"",""治愈"",""催泪"",""奇幻""]",5826万
式守同学不只可爱而已,231.3万追番,8.0,"[""漫画改"",""日常"",""校园"",""恋爱""]",6265.8万
我立于百万生命之上,231万追番,8.3,"[""漫画改"",""穿越"",""奇幻""]",7336.4万
无论何时我们的恋情都是10厘米。～告白实行委员会～,229万追番,9.6,"[""恋爱"",""音乐"",""原创"",""校园""]",2803.3万
pop子和pipi美的日常 第二季,228.8万追番,9.8,"[""漫画改"",""搞笑""]",1927.3万
莉可丽丝,228.8万追番,9.2,"[""原创"",""日常"",""战斗""]",6484.8万
One Room,228.1万追番,9.7,"[""泡面"",""日常""]",4701万
ULTRAMAN 机动奥特曼 终章,227.7万追番,6.7,"[""漫画改"",""热血"",""战斗"",""少儿""]",475.5万
ULTRAMAN 机动奥特曼 第二季,227.7万追番,7.9,"[""特摄"",""漫画改"",""奇幻"",""战斗""]",890.8万
食戟之灵 贰之皿,227.3万追番,9.4,"[""热血"",""美食""]",1000.0万
博人传 火影忍者新时代,226.7万追番,4.5,"[""热血"",""架空"",""冒险""]",3347.4万
黑执事,226.3万追番,9.8,"[""漫画改""]",4991万
戒律的复活,225.6万追番,9.7,"[""战斗"",""热血"",""架空"",""漫画改""]",1100.0万
无限滑板 / SK8 the Infinity,225.5万追番,9.6,"[""原创"",""战斗"",""热血""]",6116.7万
pop子和pipi美的日常,225.3万追番,8.8,"[""搞笑"",""漫画改""]",7300.7万
双星之阴阳师,222.2万追番,8.7,"[""热血"",""奇幻"",""战斗"",""冒险""]",1100.0万
弱势角色友崎君,222.1万追番,9.1,"[""小说改"",""校园"",""恋爱""]",5772.2万
诸神的逆鳞,221.6万追番,4.7,"[""战斗"",""架空"",""漫画改"",""奇幻""]",6928.3万
ULTRAMAN 机动奥特曼 第二季（中配）,220万追番,8.3,"[""特摄"",""漫画改"",""奇幻"",""战斗""]",467.9万
在地下城寻求邂逅是否搞错了什么 第二季,219.6万追番,9.0,"[""架空"",""小说改"",""奇幻"",""战斗""]",5825.8万
不正经的魔术讲师与禁忌教典,217万追番,8.9,"[""战斗"",""校园"",""奇幻"",""架空""]",9472.7万
ULTRAMAN 机动奥特曼 终章（中配）,216.9万追番,,"[""漫画改"",""热血"",""战斗"",""少儿""]",109.8万
One Room 第三季,216.2万追番,9.8,"[""日常"",""恋爱"",""治愈"",""泡面""]",2687.7万
格莱普尼尔,216万追番,8.9,"[""漫画改"",""奇幻"",""战斗""]",7524.4万
我太受欢迎了该怎么办,214.9万追番,9.1,"[""乙女"",""漫画改"",""校园""]",6295.9万
异世界食堂,213万追番,9.5,"[""小说改"",""奇幻"",""美食"",""架空""]",6327.7万
终将成为你,212.9万追番,9.8,"[""恋爱"",""校园"",""漫画改""]",3263.5万
世界尽头的圣骑士,212.1万追番,6.3,"[""小说改"",""奇幻"",""战斗"",""治愈""]",5394.7万
邪神与厨二病少女,212万追番,9.5,"[""搞笑"",""日常"",""神魔"",""奇幻""]",6361.6万
神之塔,211.9万追番,9.3,"[""漫画改"",""战斗"",""奇幻"",""冒险""]",6190.6万
齐木楠雄的灾难（日播&精选版）,210.4万追番,9.7,"[""泡面"",""漫画改"",""奇幻"",""校园""]",3000.0万
请问您今天要来点兔子吗？,210.3万追番,9.7,"[""萌系"",""日常"",""美食"",""治愈""]",2716.9万
无能力者娜娜,209万追番,9.4,"[""漫画改"",""校园"",""智斗"",""催泪""]",4712.6万
见面5秒开始战斗,208.6万追番,8.7,"[""漫画改"",""智斗"",""奇幻"",""冒险""]",7524.7万
奇幻世界舅舅,208.3万追番,9.8,"[""漫画改"",""奇幻"",""魔法"",""穿越""]",1100.0万
学战都市Asterisk,208.1万追番,8.5,"[""校园"",""奇幻"",""战斗"",""架空""]",9099.3万
忧国的莫里亚蒂,207.6万追番,9.6,"[""漫画改"",""智斗"",""声控"",""架空""]",3300.9万
特别篇 吹响吧！上低音号～合奏比赛～,206.7万追番,9.9,"[""小说改"",""校园""]",38.1万
我立于百万生命之上（第二季）,206.2万追番,8.0,"[""漫画改"",""穿越"",""奇幻""]",2820.1万
街角魔族,205.3万追番,9.8,"[""漫画改"",""日常"",""萌系"",""搞笑""]",4802.4万
Love Live! School Idol Project,204.2万追番,9.7,"[""校园"",""音乐"",""偶像"",""社团""]",3694.5万
成神之日,204.1万追番,5.8,"[""催泪"",""恋爱"",""日常"",""原创""]",4771.7万
赛马娘,203.4万追番,9.7,"[""游戏改"",""运动"",""偶像""]",7141.3万
与变成了异世界美少女的好友一起冒险,201.9万追番,9.7,"[""漫画改"",""搞笑"",""奇幻"",""萌系""]",6880.5万
家庭教师HITMAN REBORN!,200.6万追番,9.9,"[""奇幻"",""热血"",""战斗"",""漫画改""]",1800.0万
冰海战记,199.9万追番,9.8,"[""漫画改"",""历史"",""热血"",""冒险""]",6149.3万
我们无法一起学习,198.3万追番,9.2,"[""漫画改"",""日常"",""校园"",""恋爱""]",6009.7万
异想食堂  / 异世界食堂 第二季,197.5万追番,9.8,"[""美食"",""治愈"",""小说改""]",1251.5万
名侦探柯南（中配）,197.4万追番,9.8,"[""漫画改"",""智斗"",""推理"",""悬疑""]",12000.0万
半妖的夜叉姬,197.3万追番,4.7,"[""原创"",""穿越"",""奇幻"",""战斗""]",3800.2万
魔王勇者,196.7万追番,9.5,"[""奇幻"",""少女"",""声控"",""神魔""]",2883.1万
剑姬神圣谭 在地下城寻求邂逅是否搞错了什么 外传,195.9万追番,9.7,"[""小说改"",""奇幻"",""架空"",""神魔""]",1197万
幻界战线 & BEYOND,195.9万追番,9.8,"[""奇幻"",""战斗"",""漫画改""]",4581.2万
GOSICK,195.1万追番,9.7,"[""萌系"",""奇幻"",""日常"",""催泪""]",1451.4万
海绵宝宝  第一季～第九季 中文配音,194.6万追番,9.9,"[""少儿"",""搞笑"",""奇幻""]",5200.0万
Just Because!,194.4万追番,9.5,"[""恋爱"",""原创"",""校园""]",3660.3万
我们无法一起学习！,193.8万追番,5.3,"[""漫画改"",""日常"",""校园"",""恋爱""]",4831万
冰海战记 第二季,193.3万追番,9.5,"[""漫画改"",""战斗"",""热血"",""冒险""]",592.2万
海绵宝宝 第十季 中文配音,193.1万追番,,"[""原创"",""搞笑"",""少儿""]",16.5万
URARA迷路帖,192.9万追番,9.6,"[""漫画改"",""日常"",""架空""]",2835.2万
街角魔族 第二季,192.8万追番,9.9,"[""漫画改"",""日常"",""萌系"",""搞笑""]",1504万
排球少年！！,192.7万追番,9.9,"[""漫画改"",""热血"",""校园"",""运动""]",9766.7万
实况主的逃脱游戏,190.7万追番,9.3,"[""漫画改"",""穿越"",""冒险""]",3932.7万
无头骑士异闻录,190.5万追番,9.7,"[""奇幻"",""日常"",""声控"",""小说改""]",3032.7万
青春之旅,190.3万追番,9.5,"[""少女"",""恋爱"",""校园""]",2813.9万
青梅竹马绝对不会输的恋爱喜剧,190.3万追番,5.4,"[""小说改"",""校园"",""恋爱""]",4255万
×××HOLiC,190万追番,9.8,"[""奇幻"",""日常""]",2941.4万
斩服少女,189.4万追番,9.8,"[""奇幻"",""热血"",""原创""]",2832.9万
伪恋：,188.7万追番,9.4,"[""日常"",""校园"",""漫画改""]",6620万
魔法禁书目录 第二季,188.4万追番,9.2,"[""校园"",""科幻"",""战斗"",""小说改""]",7192.6万
品酒要在成为夫妻后,188.2万追番,9.5,"[""搞笑"",""恋爱"",""漫画改""]",5128.5万
邪神与厨二病少女 第二季,187.2万追番,9.8,"[""神魔"",""漫画改"",""搞笑"",""日常""]",4241.2万
没落要塞 / DECA-DENCE,186.9万追番,9.7,"[""原创"",""科幻"",""架空"",""冒险""]",3917.8万
妖精森林的小不点,186.1万追番,9.9,"[""奇幻"",""日常"",""漫画改"",""萌系""]",3786.7万
流汗吧！健身少女,185.8万追番,9.7,"[""漫画改"",""日常"",""运动""]",4943.9万
欢迎光临樱兰高校,185.4万追番,9.9,"[""搞笑"",""日常"",""少女"",""校园""]",7617.3万
吹响吧！上低音号,185.2万追番,9.8,"[""音乐"",""校园"",""少女"",""励志""]",4513.5万
蜡笔小新：梦境世界大突击,185.2万追剧,9.8,"[""喜剧"",""动画""]",1063.4万
灰与幻想的格林姆迦尔,185.1万追番,9.8,"[""战斗"",""穿越"",""冒险"",""架空""]",2770.5万
SSSS.电光机王,184.8万追番,9.8,"[""机战"",""特摄"",""原创"",""战斗""]",4083.9万
银魂 第二季,182.8万追番,9.9,"[""漫画改"",""热血"",""搞笑"",""战斗""]",1400.0万
碧蓝航线,182.6万追番,8.1,"[""架空"",""游戏改"",""战斗"",""科幻""]",4372万
散华礼弥,182.4万追番,9.5,"[""奇幻"",""日常"",""治愈""]",2080.6万
命运之夜——天之杯：恶兆之花,182.1万追剧,9.6,"[""奇幻"",""动画""]",4011.2万
樱子小姐的脚下埋着秘密,182.1万追番,9.4,"[""智斗"",""日常"",""推理""]",3037.3万
DARKER THAN BLACK -黑之契约者-,182万追番,9.8,"[""原创"",""热血"",""奇幻"",""战斗""]",2992.3万
笨蛋，测验，召唤兽,181.8万追番,9.7,"[""恋爱"",""小说改"",""奇幻"",""校园""]",4172.9万
悠哉日常大王 第三季,181.5万追番,9.9,"[""漫画改"",""日常"",""萌系"",""治愈""]",2421.9万
失格纹的最强贤者～世界最强的贤者为了变得更强而转生了～,181.1万追番,4.8,"[""小说改"",""战斗"",""魔法""]",5724.3万
邻家索菲,180.6万追番,9.8,"[""萌系"",""漫画改"",""奇幻""]",3437.5万
CLANNAD ～AFTER STORY～,180.1万追番,9.9,"[""时泪"",""校园"",""治愈"",""催泪""]",4564.1万
Rewrite,179.8万追番,8.7,"[""奇幻"",""校园"",""穿越""]",4505.6万
赛马娘 第二季,179.5万追番,9.9,"[""游戏改"",""运动"",""偶像"",""催泪""]",5110.2万
问题儿童都来自异世界？,179.4万追番,9.2,"[""奇幻"",""战斗"",""热血"",""架空""]",136.5万
ISLAND,178.9万追番,9.2,"[""游戏改"",""穿越"",""治愈"",""冒险""]",3162.8万
俺物语！！,178.8万追番,9.9,"[""漫画改"",""日常"",""校园"",""恋爱""]",4972.6万
迪迦奥特曼（中配）,178.3万追番,9.9,"[""科幻"",""战斗"",""特摄"",""热血""]",1700.0万
现实主义勇者的王国再建记,178.2万追番,8.5,"[""小说改"",""穿越"",""奇幻"",""冒险""]",8009.4万
只有我不存在的城市,178.1万追番,9.7,"[""推理"",""治愈"",""催泪"",""穿越""]",2890万
异界少女召唤术,178万追番,6.9,"[""魔法"",""架空"",""冒险"",""小说改""]",3612.9万
葬送的芙莉莲,176.8万追番,9.9,"[""漫画改"",""奇幻"",""治愈""]",6848.5万
川柳少女,176.2万追番,9.7,"[""漫画改"",""恋爱"",""校园"",""日常""]",2960.4万
银河奥特曼,176万追番,9.6,"[""原创"",""战斗"",""热血"",""少儿""]",132.4万
变态王子与不笑猫,175.5万追番,9.7,"[""日常"",""恋爱"",""小说改""]",1789万
魔法纪录 魔法少女小圆外传,175.3万追番,9.5,"[""游戏改"",""奇幻"",""战斗"",""萌系""]",2803.3万
K RETURN OF KINGS,174.2万追番,9.3,"[""声控"",""原创"",""奇幻"",""战斗""]",7753.6万
碧蓝航线：微速前行！,173.8万追番,9.8,"[""日常"",""萌系"",""漫画改""]",2517.6万
比宇宙更远的地方,173.6万追番,9.8,"[""声控"",""治愈"",""励志"",""原创""]",2640.4万
Free!,173.6万追番,9.5,"[""校园"",""运动""]",3330万
薇薇 -萤石眼之歌-,173.6万追番,9.8,"[""原创"",""科幻"",""奇幻""]",3396.1万
银魂 第三季,173.2万追番,9.9,"[""漫画改"",""热血"",""搞笑"",""战斗""]",9162.7万
地狱少女 宵伽,172.5万追番,9.3,"[""治愈"",""神魔""]",2955.7万
进化之实 踏上胜利的人生,171.9万追番,5.0,"[""小说改"",""冒险"",""穿越"",""奇幻""]",5690.4万
NEW GAME!,171.7万追番,9.7,"[""萌系"",""日常""]",3330.2万
刺客守则,171.4万追番,6.5,"[""架空"",""小说改"",""奇幻"",""战斗""]",4187.7万
恋爱游戏世界对路人角色很不友好,170.3万追番,9.1,"[""小说改"",""奇幻"",""战斗"",""校园""]",7164.8万
跃动青春,170.2万追番,9.9,"[""漫画改"",""日常"",""校园"",""治愈""]",5794.5万
真・进化之实 踏上胜利的人生,170万追番,6.1,"[""小说改"",""搞笑"",""奇幻"",""冒险""]",857.8万
Love Live! 学园偶像 电影,169.6万追番,9.8,"[""原创"",""校园"",""偶像"",""音乐""]",400.5万
政宗君的复仇,169.5万追番,4.2,"[""恋爱"",""漫画改"",""搞笑"",""校园""]",4475.3万
命运之夜  06版,168.7万追番,9.5,"[""魔法"",""游戏改"",""奇幻"",""战斗""]",4449.5万
萤火之森,168.4万追番,9.7,"[""漫画改"",""神魔"",""催泪"",""恋爱""]",1349.7万
一起一起这里那里,168.2万追番,9.8,"[""萌系"",""日常"",""治愈"",""萝莉""]",2353.3万
鬼灯的冷彻,168万追番,9.6,"[""日常"",""神魔""]",3220.6万
